titulo,canal,visualizacoes,likes
MELHORES MOMENTOS: CRUZEIRO 2 X 1 FLAMENGO | BRASILEIR√ÉO 2025 | 7¬™ RODADA,Caz√©TV,1841062,61542
CORINTHIANS 4 x 2 INTER | MELHORES MOMENTOS | CAMPEONATO BRASILEIRO 2025,Prime Video Sport Brasil,2446268,55726
I Broke Into Famous YouTuber Houses!,Ben Azelart,3273309,46134
Ele N√£o Desiste de Voc√™ (Ao Vivo em Salvador),Maria Mar√ßal - Topic,27961,820
LEVANDO MEU ADVOGADO PARA PROCESSAR ESTABELECIMENTOS! (FT MIZAEL SILV) : MANDE A SUA #347,T√° Gravando,211339,22400
"üö®FFWS BR üèÜRODADA 10 - GRUPOS A, B e D  | FREE FIRE AO VIVOüö® #freefire",Free Fire Esports Brasil #FREEFIRE,660498,20365
RCD ESPANYOL 1 - 2 REAL BETIS I RESUMEN LALIGA EA SPORTS,LALIGA EA SPORTS,1702453,52976
Os MELHORES MOMENTOS do show da LADY GAGA em Copacabana! | Todo Mundo no Rio,M√∫sica Multishow,467956,10541
SEN x G2 | VCT Americas 2025 | Playoffs - Grande Final (MD5),VALORANT Esports BR,204190,5740
Bitelo encara desafio de carregar uma VAN de quase 4 TONELADAS | Domingo Legal (04/05/25),Domingo Legal,104413,7731
JOGO COMPLETO: BRASIL X IT√ÅLIA | 2¬™ RODADA | COPA DO MUNDO DE FUTEBOL DE¬†AREIA¬†DA¬†FIFA,Caz√©TV,1331919,33405
CLEBER XAVIER MEXE MAL NO TIME E SANTOS PERDE MAIS UMA NO BRASILEIRO,F√°bio Sormani,145758,14922
‚ÄúNovo golpe em posto de gasolina‚Äù,Celso Russomanno,543740,17772
Melhores Momentos | UFC Des Moines: Sandhagen x Figueiredo,UFC Brasil,248931,10350
VASCO 0 X 1 PALMEIRAS | MELHORES MOMENTOS | 7¬™ RODADA BRASILEIR√ÉO 2025 | ge.globo,ge,405397,12364
üëë Kings League Brazil - RODADA 8,Kings League Brazil,1018869,29959
Gabigol... Cruzeiro 2 x 1 Flamengo,Davy Jones Torcedor,64687,8534
"MBAPP√â faz DOIS, Real Madrid QUASE ENTREGA, mas vence Celta antes de El Cl√°sico | Melhores Momentos",ESPN Brasil,1141703,42734
GR√äMIO 1 X 0 SANTOS | MELHORES MOMENTOS | 7¬™ RODADA BRASILEIR√ÉO 2025 | ge.globo,ge,314670,8501
EU PRENDI TODOS OS MOBS REMOVIDOS DO MINECRAFT,Pedrux,404288,11249
